"date","participant","session","trial","wind","init_site","plat_site","init_dist","end_dist","time_trial","time_block","fuel","presses","outcome","interruptions","forced","fad","wad"
"06/07 11:35:58","Y45HV1N",1,23,1.33,2,0,484.66,223.02,7.7,338.8,626,11,"offscreen",0,1,317.643860429107,242.154451832128
"06/07 11:35:49","Y45HV1N",1,22,-1,1,0,346.77,228.35,7.5,330.4,426,6,"crash",0,1,255.448038879264,210.154018559406
"06/07 11:35:42","Y45HV1N",1,21,3.16,0,2,636,422.77,7.8,322.5,520,10,"offscreen",0,1,461.663315757904,397.425685608454
"06/07 11:35:33","Y45HV1N",1,20,2.43,0,2,687.41,304.96,25.6,314.2,921,24,"offscreen",0,1,305.432008332653,222.15039440213
"06/07 11:35:07","Y45HV1N",1,19,-0.58,0,1,342.68,27.47,14.2,287.9,395,15,"crash",0,1,225.077326403203,167.681377490625
"06/07 11:34:52","Y45HV1N",1,18,2.64,1,0,353.91,474.37,23.9,272.9,1554,21,"crash",0,1,304.42616468231,241.922351079874
"06/07 11:34:27","Y45HV1N",1,17,3.23,1,0,519.96,558.51,6.6,248.4,332,9,"crash",0,1,558.878197087469,566.770721900778
"06/07 11:34:20","Y45HV1N",1,16,-2.67,0,2,636.57,153.36,29.2,241.2,1130,42,"offscreen",0,1,377.820813180038,316.10518988171
"06/07 11:33:51","Y45HV1N",1,15,0.1,0,2,498.51,34.4,12,211.5,253,13,"crash",0,1,306.286623103808,218.860711710613
"06/07 11:33:38","Y45HV1N",1,14,-1.29,1,2,486.84,0.62,16.3,198.7,392,19,"crash",0,1,419.10656303193,349.609036911647
"06/07 11:33:21","Y45HV1N",1,13,0.85,0,2,619.12,306.19,4.1,181.8,252,4,"crash",0,1,559.235156612749,512.017694760956
"06/07 11:33:16","Y45HV1N",1,12,-2.94,2,0,545.43,83.31,9.4,177,455,8,"crash",0,1,352.562441240689,259.146182344446
"06/07 11:33:06","Y45HV1N",1,11,1.09,0,2,620.03,242.94,7.5,167,129,4,"offscreen",0,1,467.255852796827,391.117996678629
"06/07 11:32:58","Y45HV1N",1,10,-1.08,1,2,429.15,227.41,4.4,158.6,210,4,"crash",0,1,397.512007065149,367.270139313483
"06/07 11:32:52","Y45HV1N",1,9,0.42,2,1,520.03,365.17,27.8,153.2,1090,18,"crash",0,1,279.404334111998,243.375990276954
"06/07 11:32:24","Y45HV1N",1,8,-1.5,0,2,676.01,561.83,18.6,124.8,608,15,"offscreen",0,1,475.014212338093,388.87757664601
"06/07 11:32:05","Y45HV1N",1,7,2.1,1,2,339.04,382.7,18.2,105.6,399,26,"offscreen",0,1,260.567589655031,255.945065659043
"06/07 11:31:44","Y45HV1N",1,6,-2.17,1,2,391.42,24.48,20.8,84.7,480,23,"crash",0,1,280.497525400926,219.135724092535
"06/07 11:31:22","Y45HV1N",1,4,0.82,0,2,778.83,39.95,12.8,62.5,130,13,"crash",0,1,509.056377143654,378.418804744328
"06/07 11:31:08","Y45HV1N",1,3,-2.83,2,0,507.24,595.49,23.6,48.8,1299,20,"crash",0,1,360.792009547917,364.352691566973
"06/07 11:30:43","Y45HV1N",1,2,-3.72,2,1,449.75,499.34,10.1,24.1,387,11,"offscreen",0,1,317.520915384257,292.802462295005
"06/07 11:30:30","Y45HV1N",1,1,2.81,1,2,220.55,156.8,5,11.3,242,2,"offscreen",0,1,152.070677382863,124.176747666996
"06/07 01:34:05","KitoriSama",1,22,-0.02,2,0,701.98,3.92,18.5,684.2,765,32,"crash",0,1,336.118738742205,192.46003859602
"06/07 01:33:34","KitoriSama",1,21,-0.67,2,1,413.45,6.04,26.8,653.9,1017,36,"success",0,1,150.868103392995,87.9516030574921
"06/07 01:33:05","KitoriSama",1,20,0.63,2,1,477.24,4.74,26,624.7,1164,59,"crash",0,1,187.463918395259,104.707689223057
"06/07 01:32:38","KitoriSama",1,19,-3.29,0,1,471.94,62.68,20.7,597.2,963,54,"crash",0,1,289.897161863643,202.480447273177
"06/07 01:32:16","KitoriSama",1,18,3.73,1,2,417.19,10.51,16.5,575,616,34,"crash",0,1,264.819870862002,181.316841161249
"06/07 01:31:04","KitoriSama",1,17,-1.25,2,0,772.3,58.24,9.8,503.9,741,24,"crash",0,1,471.491613232148,317.897612778023
"06/07 01:30:53","KitoriSama",1,16,3.76,2,0,686.67,707.89,32.1,492.1,1923,51,"offscreen",0,1,460.156650811835,406.129073672484
"06/07 01:30:19","KitoriSama",1,15,-1.41,0,2,658.72,9.19,33.2,458.2,994,75,"crash",0,1,260.779958678235,149.341385143395
"06/07 01:29:44","KitoriSama",1,14,1.42,2,0,542.29,11.17,25.4,423.4,1022,48,"success",0,1,208.660647192773,96.7700128091845
"06/07 01:29:16","KitoriSama",1,13,2.58,0,2,720.16,20.38,16.6,395.1,614,23,"success",0,1,313.639782975587,170.061619643252
"06/07 01:28:57","KitoriSama",1,12,0.26,2,0,617.04,9.53,23.4,376.7,842,44,"success",0,1,232.444122119042,110.585511459039
"06/07 01:28:32","KitoriSama",1,11,2.9,2,1,286.52,21.91,13.8,351.5,841,34,"crash",0,1,211.336075591776,174.223335745931
"06/07 01:28:16","KitoriSama",1,10,0.13,2,1,350.35,8.65,19.5,335.9,968,42,"success",0,1,152.390690220901,89.3208902378878
"06/07 01:27:55","KitoriSama",1,9,-1.49,0,2,555.42,9.94,29.3,314.6,1213,71,"success",0,1,158.823820121717,81.8122001551577
"06/07 01:27:25","KitoriSama",1,8,-3.6,0,2,551.77,24.4,37,284.1,2117,78,"crash",0,1,191.537814440195,112.450607827891
"06/07 01:26:45","KitoriSama",1,7,2.37,2,0,488.64,5.47,15.5,244.6,615,35,"crash",0,1,265.238667258863,160.315388387872
"06/07 01:26:28","KitoriSama",1,6,-3.2,1,2,401.89,244.45,5.3,227.9,618,4,"crash",0,1,369.057030299303,341.429646649195
"06/07 01:26:22","KitoriSama",1,5,1.31,1,2,451.33,11.34,5.6,221.1,650,3,"crash",0,1,309.831599246612,234.261726056146
"06/07 01:26:15","KitoriSama",1,4,-1.09,2,1,586.69,12.21,29.3,214.1,859,56,"crash",0,1,274.445341220048,177.152620971335
"06/07 01:25:39","KitoriSama",1,3,2.74,0,2,699.13,22.33,53.9,178.2,1706,128,"crash",0,1,246.047917035062,137.818155114728
"06/07 01:24:43","KitoriSama",1,2,2.65,1,0,450.41,9.67,51.8,122.1,1741,129,"success",0,1,176.417794863004,106.753224157073
"06/07 01:23:47","KitoriSama",1,1,-2.19,1,0,370.34,6.09,57.9,66.6,1564,136,"success",0,1,117.368767579842,70.5153310449087
"06/06 18:05:50","FelixFelicis",1,42,-3.76,1,2,410.89,49.39,46.6,1223.6,1185,73,"crash",0,1,136.130177535456,82.1576293317574
"06/06 18:05:03","FelixFelicis",1,41,2.04,1,2,357.57,33.36,39.1,1176.4,769,52,"success",0,1,113.979104532644,78.6439864548884
"06/06 18:04:23","FelixFelicis",1,40,0.82,1,2,439.4,10.97,14.2,1136.6,191,19,"success",0,1,195.707403550772,107.258188360723
"06/06 18:04:08","FelixFelicis",1,39,-2.27,2,0,488.57,6.36,33.1,1121.7,1062,55,"success",0,1,210.483293471629,136.449638082702
"06/06 18:03:34","FelixFelicis",1,38,0.25,2,1,396.7,15.14,38.1,1087.9,807,61,"success",0,1,136.461746937621,92.8887604665019
"06/06 18:02:55","FelixFelicis",1,37,2.93,2,0,659.05,16.15,18.5,1049.2,352,25,"success",0,1,307.231045230088,169.350492178315
"06/06 18:02:36","FelixFelicis",1,36,1.15,1,2,499.82,22.55,18.8,1029.9,286,28,"success",0,1,232.802921525383,142.441906195868
"06/06 18:02:17","FelixFelicis",1,35,-1.32,2,0,580.52,31.43,22.9,1010.5,427,38,"success",0,1,214.700960958918,122.185184504501
"06/06 18:01:53","FelixFelicis",1,34,0.89,2,0,602.28,33.41,17.7,986.7,550,28,"success",0,1,260.280330944716,130.046011828103
"06/06 18:01:34","FelixFelicis",1,33,-3.06,1,0,393.24,11.03,20.4,968.3,513,32,"success",0,1,126.157253206106,66.5841178935114
"06/06 18:01:13","FelixFelicis",1,32,0.33,0,2,728.57,12.88,47.1,947.1,1088,88,"success",0,1,203.344228895962,92.544614802785
"06/06 18:00:25","FelixFelicis",1,31,2.06,1,2,532.1,14.38,17.4,899,370,27,"success",0,1,227.429381505052,120.564693642676
"06/06 18:00:07","FelixFelicis",1,30,-0.81,1,0,401.87,27.01,32.6,881,852,50,"success",0,1,147.822025086939,100.53277639919
"06/06 17:59:34","FelixFelicis",1,29,0.8,2,1,423.28,8.96,22.9,847.8,445,37,"success",0,1,170.992818102117,88.1271944613209
"06/06 17:59:10","FelixFelicis",1,28,1.11,0,1,344.88,465.13,14.9,824.2,643,21,"offscreen",0,1,201.605212488292,193.746751712178
"06/06 17:58:55","FelixFelicis",1,27,1.34,1,2,388.1,15.46,19,808.7,371,31,"success",0,1,161.968300058796,89.9554742624389
"06/06 17:58:35","FelixFelicis",1,26,-2.26,1,0,396.3,9.39,15.1,789,240,23,"success",0,1,174.217404037732,91.749519912634
"06/06 17:58:19","FelixFelicis",1,25,-2.39,0,2,692.94,23.68,42.1,773.3,1526,56,"success",0,1,180.47188809509,93.8886558239212
"06/06 17:57:36","FelixFelicis",1,24,1.5,0,2,716.38,35.24,20,730.4,739,31,"success",0,1,250.429924432839,118.921130325739
"06/06 17:57:16","FelixFelicis",1,23,-3.96,1,2,548.7,13.01,34.8,709.6,1095,60,"success",0,1,183.418049529323,100.671636432226
"06/06 17:56:40","FelixFelicis",1,22,3.43,0,2,667.77,274.25,50.3,673.7,2092,72,"offscreen",0,1,157.378244918931,108.322475303
"06/06 17:55:49","FelixFelicis",1,21,0.71,2,1,486.54,14.79,17.3,622.7,379,27,"success",0,1,233.553931242859,135.98800085634
"06/06 17:55:31","FelixFelicis",1,20,2.47,0,1,352.67,32.19,29.3,604.6,852,46,"success",0,1,115.356632400616,69.0240496668739
"06/06 17:55:01","FelixFelicis",1,19,-0.45,2,0,729.47,25.26,28.1,574.6,1090,37,"success",0,1,264.782515770762,150.942347551791
"06/06 17:54:32","FelixFelicis",1,18,-3.47,1,0,471.22,49.77,23.5,545.6,557,34,"crash",0,1,178.934140913821,113.748257197758
"06/06 17:54:07","FelixFelicis",1,17,-0.63,2,0,746.49,10.7,29.5,521.3,1063,49,"success",0,1,242.833250700594,118.044424869002
"06/06 17:53:37","FelixFelicis",1,16,-0.75,1,0,292.4,17.17,32.6,491,1064,51,"success",0,1,122.93465512059,95.9207912242655
"06/06 17:53:04","FelixFelicis",1,15,-1.68,2,0,591.1,17.82,27.9,457.6,1061,40,"success",0,1,287.350553338569,193.059636370561
"06/06 17:52:35","FelixFelicis",1,14,-3.92,0,2,609.2,40.64,46.6,428.7,1255,67,"success",0,1,183.41785538518,98.0630071165677
"06/06 17:51:47","FelixFelicis",1,13,-3.22,1,2,489.81,9.38,22.1,381.1,467,28,"success",0,1,195.068818963161,90.4636447666933
"06/06 17:51:24","FelixFelicis",1,12,-2.12,1,2,538.71,10.12,17.5,358.1,436,28,"success",0,1,219.965277480858,100.795500752076
"06/06 17:51:06","FelixFelicis",1,11,-1.39,1,0,421.24,12.29,26.8,339.7,1079,42,"success",0,1,104.645370004411,39.3118472498421
"06/06 17:50:38","FelixFelicis",1,10,3.78,2,0,542.09,36.66,8.8,312.1,392,12,"crash",0,1,377.747782714257,273.014754375917
"06/06 17:50:28","FelixFelicis",1,9,3.91,2,0,720.42,23.23,17.5,302.3,490,29,"crash",0,1,367.246406093221,227.136668669685
"06/06 17:50:10","FelixFelicis",1,8,2.17,2,1,415.33,446.4,5.6,283.6,595,8,"offscreen",0,1,400.838376658152,389.893536396916
"06/06 17:50:03","FelixFelicis",1,7,3.55,0,2,773.06,20.58,49.5,276.9,1613,61,"crash",0,1,338.894582031563,246.502350874518
"06/06 17:49:13","FelixFelicis",1,6,-1.72,2,0,519.52,11.36,20.9,226.5,350,27,"success",0,1,186.798577047702,93.7376949905419
"06/06 17:48:51","FelixFelicis",1,5,-1.03,1,0,476.34,29.55,20.4,204.5,401,29,"success",0,1,177.941995215862,95.2444802456714
"06/06 17:48:29","FelixFelicis",1,4,-2.69,2,0,504.29,14.61,63.7,182.9,1915,91,"success",0,1,131.934435584682,92.1848096868736
"06/06 17:47:23","FelixFelicis",1,3,-0.43,2,0,756.05,18.46,67.9,117.2,1763,106,"success",0,1,229.424690918494,149.627953259056
"06/06 17:46:13","FelixFelicis",1,2,-1.78,1,0,445.69,12.75,19.1,46.6,381,26,"crash",0,1,235.472324842062,149.908468857103
"06/06 17:45:52","FelixFelicis",1,1,-3.61,2,1,399.96,45.04,16.2,25.5,820,19,"crash",0,1,279.751183538259,232.265093317188
"06/06 12:16:02","mgalharret",3,39,-3.2,1,2,355.44,27.93,31.1,1219.4,590,41,"success",0,1,177.081283895917,107.24762330859
"06/06 12:15:30","mgalharret",3,38,3.3,2,0,530.04,12.2,44.4,1187.3,1902,73,"success",0,1,324.940550888512,253.535733910007
"06/06 12:14:44","mgalharret",3,37,-2.3,1,0,376.98,28.4,11.1,1142,152,14,"success",0,1,171.253613232614,93.5465539624314
"06/06 12:14:33","mgalharret",3,36,0.27,1,2,431.01,9.34,24,1130.4,434,38,"success",0,1,178.127632569421,91.962606296172
"06/06 12:14:08","mgalharret",3,35,-0.39,1,0,569.21,6.23,21.8,1105.7,300,30,"success",0,1,299.858373515373,187.385600411842
"06/06 12:13:46","mgalharret",3,34,3.62,1,2,395.56,6.54,17.3,1083.2,370,26,"success",0,1,131.774656891406,66.5368019164941
"06/06 12:13:27","mgalharret",3,33,3.87,0,2,511.8,15.24,16.4,1065,524,27,"success",0,1,179.899506085091,94.3958194703768
"06/06 12:13:10","mgalharret",3,32,0.7,1,0,311.52,26.45,15.1,1048.2,253,22,"success",0,1,178.97399152386,111.392052426774
"06/06 12:12:55","mgalharret",3,31,2.08,2,1,527.61,175.22,34.3,1032.5,1142,56,"crash",0,1,298.658232127008,266.224445350071
"06/06 12:12:20","mgalharret",3,30,-0.57,2,0,583.79,10.85,25.3,997.7,473,36,"success",0,1,224.879183732397,114.656537931834
"06/06 12:11:54","mgalharret",3,29,-0.67,1,0,322.69,13.61,17.6,971.8,259,24,"success",0,1,174.828524658987,108.14584294132
"06/06 12:11:36","mgalharret",3,28,-3.01,1,2,420.93,33.82,34.1,953.5,962,59,"success",0,1,184.617310170061,116.470224781654
"06/06 12:11:01","mgalharret",3,27,-3.73,1,0,394,9.58,17.3,918.8,334,23,"success",0,1,135.735132193928,65.7054328283057
"06/06 12:10:43","mgalharret",3,26,3.98,2,0,695.58,787.91,3.9,900.7,268,3,"offscreen",0,1,739.74442635354,755.44394131114
"06/06 12:10:39","mgalharret",3,25,-0.8,1,0,393.88,13.33,21.9,896.4,338,34,"success",0,1,194.017912647932,116.886883007813
"06/06 12:10:16","mgalharret",3,24,1.63,0,2,789.61,21.82,40.3,873.6,957,60,"crash",0,1,285.773548104557,184.021697810264
"06/06 12:09:35","mgalharret",3,23,1.8,2,1,403.48,7.38,24.1,832.6,437,35,"success",0,1,174.692516036048,95.5148848490037
"06/06 12:09:09","mgalharret",3,22,-2.9,1,0,479.8,17.48,29.3,807.2,580,32,"success",0,1,183.717683343505,122.081574247572
"06/06 12:08:40","mgalharret",3,21,-3.2,2,0,686.96,13.3,46,777.5,1009,68,"success",0,1,199.063148942588,105.884105258336
"06/06 12:07:53","mgalharret",3,20,3.41,2,0,543.72,13.91,35.3,731,879,56,"success",0,1,254.441053235825,153.911175160912
"06/06 12:07:17","mgalharret",3,19,-3.34,2,0,600.06,10.44,23.7,694.7,524,34,"success",0,1,267.423579227835,170.720605865647
"06/06 12:06:53","mgalharret",3,18,1.87,2,0,568.97,8.85,45.2,670.4,860,67,"success",0,1,257.063838097036,164.298092255368
"06/06 12:06:07","mgalharret",3,17,-3.03,2,0,674.92,9.03,27.4,624.5,545,41,"success",0,1,221.147154627321,105.543214578273
"06/06 12:05:38","mgalharret",3,16,-1.3,1,2,295.22,39.73,43.8,596.2,950,76,"success",0,1,134.836590134689,90.7164184493563
"06/06 12:04:54","mgalharret",3,15,-2.32,1,0,439.82,5.2,27.5,551.4,517,38,"success",0,1,124.565074771863,64.2065626267658
"06/06 12:04:25","mgalharret",3,14,-3.93,2,1,513.6,11.25,18.5,523,641,32,"crash",0,1,250.784929216347,170.039491830254
"06/06 12:04:06","mgalharret",3,13,-3.57,0,2,574.1,214.67,23,504,675,32,"crash",0,1,454.769435344338,383.019965284373
"06/06 12:03:43","mgalharret",3,12,-2.84,1,0,385.15,43.8,34.7,480.2,1053,58,"crash",0,1,152.074444321276,105.795178056984
"06/06 12:03:07","mgalharret",3,11,2.01,1,2,295,11.17,28.9,444.7,510,44,"success",0,1,140.231396782807,98.2694768390727
"06/06 12:02:37","mgalharret",3,10,2.41,2,0,536.76,8.41,33.6,414.9,619,48,"success",0,1,257.10687130359,163.911177430141
"06/06 12:02:03","mgalharret",3,8,2.54,1,0,368.5,7.87,30.9,380.5,587,42,"success",0,1,178.242395340063,114.558874749592
"06/06 12:01:31","mgalharret",3,7,-2.18,1,0,282.68,27.97,27.2,348.6,422,35,"success",0,1,109.037407644903,76.1296495382018
"06/06 12:01:03","mgalharret",3,6,-1.96,0,2,640.94,16.05,32.2,320.4,548,45,"success",0,1,256.816323760012,149.92121772709
"06/06 12:00:29","mgalharret",3,5,-2.55,2,0,529.49,216.62,26.3,287.2,465,41,"offscreen",0,1,201.317972023523,119.277213172738
"06/06 12:00:02","mgalharret",3,4,0.68,2,0,710.88,11.31,32.6,260,435,39,"success",0,1,308.329394115818,179.511701571596
"06/06 11:59:28","mgalharret",3,3,0.04,0,2,583.82,9.3,44.2,226.1,799,69,"success",0,1,179.79449979272,87.2060267727128
"06/06 11:58:43","mgalharret",3,2,1.83,2,0,656.48,20.34,100.4,180.3,2136,147,"success",0,1,239.78925199259,171.943854933549
"06/06 11:57:01","mgalharret",3,1,0.82,1,0,473.65,9.17,59.9,78.3,986,103,"success",0,1,172.55602672943,109.560187392635
"06/05 12:40:03","achqt",3,38,0.69,1,0,593.28,663.79,13.7,662.9,196,16,"crash",0,1,576.965629080554,586.538577949849
"06/05 12:39:49","achqt",3,37,3.84,1,0,465.34,688.14,20.4,648.7,643,24,"offscreen",0,1,463.517021737121,446.519169102149
"06/05 12:39:28","achqt",3,36,-3.88,1,0,262.39,223.54,6.8,627.5,150,9,"offscreen",0,1,210.95873631193,186.928822445857
"06/05 12:39:20","achqt",3,35,1.6,1,2,472.7,31.35,13,619.3,140,8,"crash",0,1,248.213710277044,160.48514933176
"06/05 12:39:06","achqt",3,34,-0.63,1,0,536.42,30.86,9.7,605.4,146,10,"crash",0,1,334.085445829944,237.190866172054
"06/05 12:38:55","achqt",3,33,2.26,0,2,625.35,234.98,14.3,595,205,14,"offscreen",0,1,364.776682745196,259.631861606777
"06/05 12:38:40","achqt",3,32,3.5,0,2,544.4,154.63,6.7,580.1,111,10,"offscreen",0,1,387.402717212259,295.237663045309
"06/05 12:38:23","achqt",3,31,0.54,1,2,426.94,15.4,32.6,563.1,869,71,"crash",0,1,199.202075535211,156.172982124852
"06/05 12:37:49","achqt",3,30,0.14,0,1,483.85,6.61,9.7,529.1,312,14,"crash",0,1,274.589717732979,174.454219201663
"06/05 12:37:38","achqt",3,29,-2.42,0,2,592.32,82.49,27.1,517.8,787,54,"crash",0,1,338.038033377158,219.899034782314
"06/05 12:37:10","achqt",3,28,-2.73,1,0,376.32,161.33,8.1,490.1,304,14,"offscreen",0,1,247.326311705274,180.111528679932
"06/05 12:36:59","achqt",3,27,0.74,1,2,426.86,5.93,12.4,479,371,30,"crash",0,1,208.200835047082,121.809980433667
"06/05 12:36:45","achqt",3,26,-2.92,0,2,551.12,289.19,39.5,464.5,1169,67,"crash",0,1,443.415392505351,378.359352066344
"06/05 12:36:05","achqt",3,25,-2.16,1,0,452.44,214.97,8.2,424.3,340,15,"offscreen",0,1,342.427305709777,286.735746989475
"06/05 12:35:56","achqt",3,24,3.73,1,0,581.07,757.93,14.8,415.7,569,14,"offscreen",0,1,609.638749735439,640.28704385853
"06/05 12:35:39","achqt",3,23,-0.41,0,2,649.37,20.63,20,398.5,643,53,"crash",0,1,373.33838287004,249.804466098644
"06/05 12:35:18","achqt",3,22,3.08,1,2,403.54,392.4,10.5,377.9,370,24,"offscreen",0,1,331.703428709454,319.390885420005
"06/05 12:35:07","achqt",3,21,-2.31,0,2,562.81,720.94,8.4,366.4,122,7,"offscreen",0,1,584.712107782203,603.744087286123
"06/05 12:34:54","achqt",3,20,-1.06,2,1,424.09,431.71,13.1,353.8,299,23,"offscreen",0,1,257.712544974236,230.097419526458
"06/05 12:34:39","achqt",3,19,0.44,1,0,395.89,255.46,27.2,338.5,935,71,"crash",0,1,315.932352482613,294.418771483013
"06/05 12:34:03","achqt",3,18,-0.44,0,1,523.47,44.48,24.2,303.1,909,52,"crash",0,1,374.344569776803,295.403252687478
"06/05 12:33:38","achqt",3,17,3.92,1,0,477.71,324.52,6.5,278.1,672,8,"crash",0,1,481.85999375196,464.225095134388
"06/05 12:33:31","achqt",3,16,1.18,2,0,700.38,266.32,11.8,270.9,532,12,"offscreen",0,1,497.076852500176,401.884920169898
"06/05 12:33:18","achqt",3,15,3.12,0,1,465.16,534.08,11,258.1,584,20,"offscreen",0,1,299.479238829482,272.866836458551
"06/05 12:33:06","achqt",3,14,-0.73,0,1,574.74,56.58,21.2,245.9,779,42,"crash",0,1,290.525410943206,191.786734777785
"06/05 12:32:45","achqt",3,13,-0.69,1,2,392.91,64.72,10.5,224.3,395,27,"crash",0,1,240.766750462552,174.858007558177
"06/05 12:32:33","achqt",3,12,-2.85,1,0,427.6,1.75,7,213,112,4,"crash",0,1,265.115105288749,184.551695782626
"06/05 12:32:25","achqt",3,11,-1.97,0,2,600.67,693.39,8.5,204.9,204,12,"offscreen",0,1,637.370332817866,648.309408235676
"06/05 12:32:16","achqt",3,10,1.05,2,0,717.39,121.66,22.8,195.7,650,49,"crash",0,1,475.82179148629,354.666421137337
"06/05 12:31:52","achqt",3,9,2.51,1,2,447.35,185.72,10,171.8,106,10,"offscreen",0,1,232.210935330736,153.617835642378
"06/05 12:31:41","achqt",3,8,-0.96,1,0,377.79,23.83,8.9,161.1,201,18,"crash",0,1,249.308917959907,178.614412952036
"06/05 12:31:32","achqt",3,7,-0.14,1,0,476.89,50.22,11.2,151.6,369,25,"crash",0,1,321.01252212946,251.868757923391
"06/05 12:31:20","achqt",3,6,-2.46,0,1,458.07,505.06,4.5,139.8,116,10,"offscreen",0,1,459.090891573679,462.389781695101
"06/05 12:31:15","achqt",3,5,3.39,2,0,734.8,786.93,2.4,134.6,23,2,"offscreen",0,1,747.01245945863,756.006296494531
"06/05 12:31:02","achqt",3,4,2.52,2,0,660.29,14.05,60.2,121.8,1264,96,"crash",0,1,318.344561088469,220.228755722079
"06/05 12:30:01","achqt",3,3,-3.65,2,0,612.39,331.6,8.1,60.7,453,7,"offscreen",0,1,414.499950455468,333.468577877128
"06/05 12:29:52","achqt",3,2,0.45,1,0,454,327.31,20.9,51.6,618,47,"offscreen",0,1,319.803644633982,256.762793456715
"06/05 12:29:30","achqt",3,1,0.89,0,2,677.5,159.29,21.3,29.3,546,56,"offscreen",0,1,374.675874459168,272.430609551837
"06/04 11:43:53","ewb",1,3,2.83,0,2,684.4,120.91,18.4,70.2,573,40,"crash",0,0,311.527930131929,188.404749577204
"06/04 11:43:31","ewb",1,2,2.28,1,0,332.35,10.35,21.2,50.9,637,40,"success",0,0,261.222791806974,190.214420397456
"06/04 11:43:09","ewb",1,1,3.23,1,0,455.62,199.69,17.8,29,784,40,"offscreen",0,0,447.847494912536,389.138302717312
"06/04 11:34:30","ewb",1,49,1.19,1,2,396.66,172.53,19.3,661.3,640,41,"offscreen",0,1,250.559368127516,188.948919241782
"06/04 11:34:10","ewb",1,48,2.46,2,0,728,554.76,9.8,641.6,522,10,"crash",0,1,711.978418458406,700.432576120421
"06/04 11:33:59","ewb",1,47,3.93,0,2,671.99,486.74,5.3,631.2,133,8,"offscreen",0,1,581.11038409975,542.952207761973
"06/04 11:33:54","ewb",1,46,-3.09,2,0,678.27,524.21,8.1,625.7,139,9,"offscreen",0,1,574.647987558817,535.510508794739
"06/04 11:33:45","ewb",1,45,-2.31,2,1,512.13,62.37,8.5,617.2,369,21,"crash",0,1,373.773873805375,307.546918821502
"06/04 11:33:36","ewb",1,44,-1.47,0,2,681.48,167.11,21.3,607.5,513,43,"crash",0,1,465.310249064547,372.918469995525
"06/04 11:33:13","ewb",1,43,-0.55,0,2,609.52,20.85,38.3,584.5,868,69,"success",0,1,317.903697373611,215.973017721711
"06/04 11:32:34","ewb",1,42,-3.43,1,2,533.58,521.23,6.1,545.9,406,11,"offscreen",0,1,524.173424527359,510.98881743733
"06/04 11:32:28","ewb",1,41,-2.94,1,2,590.32,277.67,7.9,539.4,260,14,"offscreen",0,1,508.699034110614,452.828255038755
"06/04 11:32:18","ewb",1,40,3,2,0,596.83,524.79,31.2,529.7,1099,59,"crash",0,1,307.321899490411,205.965325465229
"06/04 11:31:46","ewb",1,39,2.55,1,2,429.45,288.47,9.2,498,364,22,"offscreen",0,1,314.18399609002,269.907181292417
"06/04 11:31:36","ewb",1,38,0.83,2,0,560.05,44.72,29.6,488.1,773,59,"crash",0,1,324.22736928744,203.580675337434
"06/04 11:31:06","ewb",1,37,-0.24,2,0,637.27,72.01,11.2,456.6,292,20,"crash",0,1,409.331414572596,302.839461005608
"06/04 11:30:53","ewb",1,36,-2.2,1,2,418.25,282.33,14.4,445.1,394,36,"crash",0,1,453.954712358228,460.142406699579
"06/04 11:30:38","ewb",1,35,1.58,0,2,657.93,182.59,13.1,429.9,560,23,"offscreen",0,1,394.587367822837,287.550824864235
"06/04 11:30:25","ewb",1,34,-0.53,1,0,444.67,52.8,10.7,416.3,229,15,"crash",0,1,332.721644832009,261.206552935147
"06/04 11:30:12","ewb",1,33,2.52,1,0,433.93,16.35,21.4,403.9,552,44,"crash",0,1,339.737086962703,241.290015088604
"06/04 11:29:50","ewb",1,32,2.28,0,1,280.17,291.25,13.6,381.9,260,22,"offscreen",0,1,177.308665867255,145.750648979444
"06/04 11:29:35","ewb",1,31,-3.1,2,0,714.81,179.79,8.5,367.1,248,13,"offscreen",0,1,463.575711564993,345.029563140248
"06/04 11:29:27","ewb",1,30,-1.9,1,2,522.31,641.74,13.6,357.9,456,11,"crash",0,1,487.656980307352,484.709652355491
"06/04 11:29:12","ewb",1,29,-0.59,2,0,508.84,57.44,15.7,343.5,504,25,"crash",0,1,250.101928781034,154.423928213321
"06/04 11:28:54","ewb",1,28,-1.47,1,2,407.13,9.49,18.3,325.5,486,26,"crash",0,1,244.010866839801,170.418067598845
"06/04 11:28:35","ewb",1,27,2.83,2,1,387.92,408.03,9.5,306.5,453,15,"crash",0,1,393.989791613672,378.621052385959
"06/04 11:28:24","ewb",1,26,1.76,2,0,548.97,155.37,11.3,296.1,896,15,"offscreen",0,1,359.954502813999,271.836540750624
"06/04 11:28:13","ewb",1,25,0.67,2,1,443.26,530.21,6.7,284,416,6,"offscreen",0,1,453.523579921866,455.588338724019
"06/04 11:28:08","ewb",1,24,-1.59,1,0,454.69,356.52,8.8,276.8,474,8,"offscreen",0,1,380.150811242973,341.680142777195
"06/04 11:27:56","ewb",1,23,0.93,0,2,713.59,51.76,10.1,266.9,268,9,"crash",0,1,495.002788317428,385.677891716607
"06/04 11:27:46","ewb",1,22,3.52,1,2,476.78,18.15,6.1,256,54,4,"crash",0,1,321.900776890224,240.924484397485
"06/04 11:27:37","ewb",1,21,2.06,1,2,248.67,16.06,8.2,248.5,253,11,"crash",0,1,180.857830122958,141.038738500012
"06/04 11:27:27","ewb",1,20,2.54,1,0,353.57,155.66,12.6,238.9,562,13,"offscreen",0,1,340.039401917439,293.048383076275
"06/04 11:27:14","ewb",1,19,-2.58,2,0,685.52,258.67,11.1,225.7,476,10,"offscreen",0,1,524.673650298944,435.451691183862
"06/04 11:27:02","ewb",1,18,-3.52,0,1,396.27,478.51,4.8,214,245,6,"offscreen",0,1,398.508034257212,401.661916641229
"06/04 11:26:56","ewb",1,17,-0.24,2,0,576.57,2.11,10.8,208.2,111,10,"crash",0,1,377.87137654004,283.06591085592
"06/04 11:26:45","ewb",1,16,-0.31,1,2,441.29,92.93,15.1,196.6,464,19,"crash",0,1,290.374692597689,211.539837603454
"06/04 11:26:29","ewb",1,15,-1.42,1,0,414.94,36.61,9.8,180.7,229,9,"crash",0,1,251.908617234587,169.203991084177
"06/04 11:26:12","ewb",1,14,1.7,2,1,411.77,95.77,21.3,164.4,873,41,"crash",0,1,285.74163939443,245.367654961045
"06/04 11:25:53","ewb",1,13,-1.14,2,0,527.77,119.14,11.2,142.1,172,14,"crash",0,1,298.548632848533,199.430802424162
"06/04 11:25:37","ewb",1,12,-0.92,1,2,433.9,78.41,25.2,128.7,1054,35,"crash",0,1,343.023783251291,259.422590609257
"06/04 11:25:07","ewb",1,11,2.84,1,2,322.49,19.58,5.5,98.6,50,4,"crash",0,1,208.976938856342,152.670323145504
"06/04 11:25:00","ewb",1,9,-1.12,0,2,770.53,73.05,24.9,92.3,832,33,"crash",0,1,422.88338999964,304.9450586908
"06/04 11:24:35","ewb",1,8,-0.39,0,2,662.5,455.05,9.3,66.8,477,10,"crash",0,1,538.504829863237,483.469983807691
"06/04 11:24:25","ewb",1,7,2.51,0,2,778.1,156.99,7.9,56.6,252,7,"crash",0,1,587.882589988216,473.308437997896
"06/04 11:24:16","ewb",1,6,-0.02,2,0,568.71,40.4,10,47.5,240,8,"crash",0,1,361.989850108494,258.420910179129
"06/04 11:24:05","ewb",1,5,3.31,2,1,382.56,251.95,7.2,36.3,432,10,"crash",0,1,374.135130316288,349.296067845187
"06/04 11:23:57","ewb",1,4,-2.71,1,2,502.58,584.77,2,28.1,65,6,"offscreen",0,1,528.979474015628,542.394949904877
"06/04 11:23:53","ewb",1,3,-3.37,1,0,549.51,152.52,6.4,25,273,4,"crash",0,1,418.744792717581,348.467177645029
"06/04 11:23:45","ewb",1,1,-1.16,1,0,398,111.16,6,16.4,243,4,"crash",0,1,287.679017802627,232.503379016062
"06/03 19:18:46","achqt",2,46,-0.48,2,0,620.32,179.1,22.3,648.7,641,42,"offscreen",0,1,414.396176102166,300.796995360841
"06/03 19:18:23","achqt",2,45,-0.34,0,2,694.17,39.39,16.8,625.8,445,25,"crash",0,1,486.510397037878,355.678688441268
"06/03 19:18:06","achqt",2,44,-2.82,2,0,542.86,190.82,11.5,608.5,388,16,"offscreen",0,1,335.757584513483,239.886153859116
"06/03 19:17:54","achqt",2,43,2.68,1,0,253.26,154.11,12,596.5,404,23,"crash",0,1,277.281911774946,280.420575239473
"06/03 19:17:41","achqt",2,42,2.22,0,2,725.98,300.23,14.5,584,416,26,"offscreen",0,1,465.583698951953,365.55598964244
"06/03 19:17:26","achqt",2,41,-0.72,1,0,423.31,95.15,21.6,568.5,479,34,"crash",0,1,167.302528055496,108.063068507109
"06/03 19:17:04","achqt",2,40,1.61,0,2,613.8,186.1,8.7,546.3,328,13,"offscreen",0,1,352.62061761629,238.003996739175
"06/03 19:16:54","achqt",2,39,0.95,1,2,325.69,215.53,7.4,537.1,369,11,"offscreen",0,1,212.390435597271,166.92390342116
"06/03 19:16:46","achqt",2,38,3.43,1,2,399.12,284.14,9.3,529,291,21,"offscreen",0,1,255.942730839729,215.991671023067
"06/03 19:16:37","achqt",2,37,0.78,1,2,526.08,157.11,6.1,519.2,220,5,"crash",0,1,450.404538728565,397.647355455017
"06/03 19:16:28","achqt",2,36,-2.81,1,2,331.26,6.7,9.5,510.6,163,9,"crash",0,1,245.471873340195,187.324751349866
"06/03 19:16:18","achqt",2,35,-3.21,2,1,245.87,13.93,5,500.3,41,4,"crash",0,1,183.459321226655,144.183799373661
"06/03 19:16:12","achqt",2,34,-3.51,1,2,278.98,46.83,10.9,494.7,435,21,"crash",0,1,230.472208486839,199.611552822401
"06/03 19:16:01","achqt",2,33,-2.83,1,2,520.9,730.72,6.1,483.2,177,9,"offscreen",0,1,594.222355563081,626.209584382292
"06/03 19:15:54","achqt",2,32,-1.77,1,0,338.23,169.43,17,476.9,705,31,"offscreen",0,1,173.084304769946,129.811858170295
"06/03 19:15:37","achqt",2,31,2.82,1,0,416.11,574.44,7.1,459.2,241,12,"offscreen",0,1,452.640811547161,477.196638793451
"06/03 19:15:29","achqt",2,30,-3.99,0,2,624.29,756.56,4.2,451.4,173,3,"offscreen",0,1,680.589298030385,702.808901466952
"06/03 19:15:24","achqt",2,29,2.71,1,2,222.88,32.81,6.3,446.2,143,11,"crash",0,1,152.986826388492,113.37518769622
"06/03 19:15:17","achqt",2,28,-3.43,1,0,443.35,13.7,6.8,439.2,215,13,"crash",0,1,313.010301812256,239.306970367023
"06/03 19:15:08","achqt",2,27,-2.66,2,0,588.34,174.34,10.8,431,415,22,"offscreen",0,1,324.048377751401,220.273409563811
"06/03 19:14:57","achqt",2,26,0.61,1,0,401.09,710.54,22.8,419.3,720,38,"offscreen",0,1,303.932052681829,292.901264113627
"06/03 19:14:33","achqt",2,25,0.26,2,0,620.56,27.98,21.2,395.6,538,37,"crash",0,1,318.017208067506,216.875921169939
"06/03 19:14:09","achqt",2,24,0.48,1,2,535.78,38.51,16.4,371.9,484,26,"crash",0,1,363.909536198134,275.492477343364
"06/03 19:13:53","achqt",2,23,-1.48,2,1,274.86,106.66,19.7,355.4,858,40,"crash",0,1,162.644870873835,128.625288885943
"06/03 19:13:32","achqt",2,22,2.92,2,0,788.96,431.66,7,335,402,8,"crash",0,1,704.008484473584,647.612127871815
"06/03 19:13:24","achqt",2,21,0.46,1,2,330.84,30.49,10.3,326.8,189,12,"crash",0,1,227.212042714831,174.667431426808
"06/03 19:13:12","achqt",2,20,1.62,1,0,418.79,2.61,15.8,314.2,650,21,"crash",0,1,326.729850433092,271.344305670817
"06/03 19:12:54","achqt",2,19,0.31,1,2,412.52,21.52,9,296.4,181,12,"crash",0,1,309.103607148658,243.381429570779
"06/03 19:12:44","achqt",2,18,-1.53,0,2,578.28,69.74,16.1,286.5,577,29,"crash",0,1,408.725489870985,315.392433899024
"06/03 19:12:27","achqt",2,17,-1.97,1,2,487.47,761.34,15.2,269.5,401,18,"offscreen",0,1,610.678896957779,656.977793907865
"06/03 19:12:10","achqt",2,16,-0.08,1,0,303.44,36.95,22.5,252.2,824,37,"crash",0,1,290.499832244243,280.840860937318
"06/03 19:11:45","achqt",2,15,-2.2,2,0,515.74,56.34,12.8,228,550,13,"crash",0,1,293.199332553318,207.928637460817
"06/03 19:11:32","achqt",2,14,-2.18,1,0,370.26,157.58,9.5,214.5,279,11,"offscreen",0,1,265.401771273602,204.773040562347
"06/03 19:11:21","achqt",2,13,3.66,1,0,530.67,386.25,8.4,203.2,430,10,"offscreen",0,1,524.767340510747,514.02118430865
"06/03 19:11:10","achqt",2,12,1.86,2,0,552.04,657,18.5,192.5,548,23,"offscreen",0,1,374.465276882088,329.829587136686
"06/03 19:10:51","achqt",2,11,-3.87,2,0,694.37,445.17,8.7,173.3,428,10,"offscreen",0,1,547.208354485843,474.032709353614
"06/03 19:10:39","achqt",2,10,0.62,2,0,541.51,9.3,19.1,161.8,738,36,"crash",0,1,382.609410371418,289.602375071719
"06/03 19:10:18","achqt",2,9,-1.27,1,2,369.66,33.34,21.8,140.7,595,36,"crash",0,1,306.67529673114,250.195916434006
"06/03 19:09:55","achqt",2,8,2.09,0,2,472.37,29.04,7.3,117.9,167,12,"crash",0,1,356.881466178895,285.401346712688
"06/03 19:09:45","achqt",2,7,1.79,1,2,400.69,25.32,8.1,107.8,119,9,"crash",0,1,278.702471632584,207.357800468531
"06/03 19:09:37","achqt",2,6,1.51,0,2,580.49,179.44,9.1,99.3,223,13,"offscreen",0,1,378.89957793491,284.722484761153
"06/03 19:09:27","achqt",2,5,1.57,0,2,619.91,491.83,9.6,89.6,320,13,"offscreen",0,1,443.855428169801,383.605374725281
"06/03 19:09:17","achqt",2,4,1.55,1,0,486.15,746.66,28.1,79.4,972,55,"offscreen",0,1,396.342546748399,428.695577141296
"06/03 19:08:48","achqt",2,3,0.35,1,2,342.12,152.99,10.9,50.8,483,15,"offscreen",0,1,242.087186043366,184.224868801356
"06/03 19:08:37","achqt",2,2,0.81,2,0,616.97,713.23,24.4,39.4,1259,27,"offscreen",0,1,558.938481600502,569.593203673773
"06/03 19:08:11","achqt",2,1,3.54,2,1,538.62,573.82,5.4,13.8,196,6,"offscreen",0,1,541.735317327854,545.227027803686
"06/03 14:36:03","mgalharret",2,50,-0.01,1,2,523.16,8.94,20.3,1243.8,376,29,"crash",0,1,283.444913310077,184.418570926784
"06/03 14:35:42","mgalharret",2,49,-3.55,2,1,392.23,18.11,23.3,1222.8,364,33,"success",0,1,147.695584636235,86.5021990038435
"06/03 14:35:18","mgalharret",2,48,2.78,0,1,403.93,48.49,41.1,1198.8,1272,63,"success",0,1,151.391975238693,105.408616598026
"06/03 14:34:36","mgalharret",2,47,3.76,0,1,432.88,28.14,27.2,1157.1,669,41,"crash",0,1,204.403297413244,160.979617431185
"06/03 14:34:08","mgalharret",2,46,2.17,1,0,392.99,12.35,36.4,1128.9,583,48,"success",0,1,201.457876276006,134.957672704871
"06/03 14:33:31","mgalharret",2,45,0.69,1,0,452.9,25.56,23,1091.7,431,31,"success",0,1,226.557077096049,124.300330887759
"06/03 14:33:07","mgalharret",2,44,2.16,2,0,507.34,19.42,21.6,1068,388,22,"crash",0,1,305.085212642929,211.09040328147
"06/03 14:32:44","mgalharret",2,43,2.66,1,0,360.98,30.54,18.3,1045,326,25,"success",0,1,171.217842825534,100.635418554728
"06/03 14:32:26","mgalharret",2,42,1.5,1,0,540.61,20.87,58.8,1025.8,1084,85,"success",0,1,251.353808214266,158.892709146564
"06/03 14:31:26","mgalharret",2,41,2.07,1,2,446.53,20.43,17.4,966.5,241,21,"success",0,1,196.461605439045,116.77535673678
"06/03 14:31:08","mgalharret",2,40,-1.34,2,0,706.98,6.44,25.5,948.3,424,37,"success",0,1,284.9458876133,151.572658383389
"06/03 14:30:42","mgalharret",2,39,1.68,1,0,432.11,13.23,46,922,1281,70,"crash",0,1,222.427646644633,156.613794367798
"06/03 14:29:55","mgalharret",2,38,-1.03,2,0,471.38,13.12,17.2,875.4,320,20,"crash",0,1,241.629344627272,163.142058355902
"06/03 14:29:37","mgalharret",2,37,-1.6,1,2,497.62,8.12,49.2,857.5,916,69,"success",0,1,262.293834772717,188.262990999105
"06/03 14:28:47","mgalharret",2,36,3.54,0,2,571.35,10.51,13.8,807.7,325,16,"crash",0,1,272.590631607,166.680391438215
"06/03 14:28:33","mgalharret",2,35,-0.98,2,1,340.82,106.01,53.3,793.4,1122,74,"crash",0,1,127.624044276856,103.182089664998
"06/03 14:27:39","mgalharret",2,34,3.8,0,2,596.29,27.2,13.6,739.5,443,17,"crash",0,1,325.724581526023,223.029136803836
"06/03 14:27:22","mgalharret",2,33,0.99,0,2,548.92,268.93,23.1,723.1,845,36,"offscreen",0,1,233.860647026495,166.38581696188
"06/03 14:26:59","mgalharret",2,32,1.66,1,0,434.11,16.92,19.6,699.3,306,20,"success",0,1,254.524264260934,163.819817207229
"06/03 14:26:38","mgalharret",2,31,2.29,1,2,491.68,27.85,19.4,679.1,411,31,"crash",0,1,182.655956987328,110.405059055521
"06/03 14:26:18","mgalharret",2,30,-0.95,0,2,642.38,22.39,29.5,658.9,743,44,"success",0,1,230.362106858081,125.257646775986
"06/03 14:25:48","mgalharret",2,29,3.92,1,2,403.95,145.81,11.3,628.9,326,18,"crash",0,1,221.509386490262,156.687409176158
"06/03 14:25:36","mgalharret",2,28,1.11,0,2,671.03,34.99,19.3,616.9,491,27,"crash",0,1,331.472748398438,238.017627522386
"06/03 14:25:16","mgalharret",2,27,3.2,1,0,368.66,157.09,33.6,597,803,42,"offscreen",0,1,283.582270992663,219.27715312232
"06/03 14:24:43","mgalharret",2,26,2.31,1,0,344.67,26.95,19.4,562.6,428,27,"crash",0,1,287.309139652706,228.540770827731
"06/03 14:24:22","mgalharret",2,25,1.01,2,0,694.77,4.5,33.3,542.5,538,39,"success",0,1,269.674439553315,171.1584463743
"06/03 14:23:48","mgalharret",2,24,0.52,2,1,553.51,529.93,6,508.8,424,6,"offscreen",0,1,482.78625128989,440.781694377692
"06/03 14:23:41","mgalharret",2,23,0.31,1,0,523.78,55.85,15.4,502.2,247,18,"crash",0,1,326.243177812609,235.962400830931
"06/03 14:23:26","mgalharret",2,22,3.72,0,2,616.11,368.93,8.1,486.4,398,13,"offscreen",0,1,447.120578992517,369.438103799496
"06/03 14:23:17","mgalharret",2,21,2.11,2,1,334.49,11.71,16.8,477.4,331,22,"success",0,1,183.946419904239,113.030484650369
"06/03 14:22:59","mgalharret",2,20,-1.32,0,2,624.2,143.73,9.7,459.9,494,14,"crash",0,1,401.749925794909,284.676518863032
"06/03 14:22:49","mgalharret",2,19,3.27,2,0,653.79,31.88,9.8,449.5,506,13,"crash",0,1,406.420473849309,270.264821227215
"06/03 14:22:39","mgalharret",2,18,2.85,1,0,279.3,153.33,47.6,439.2,1322,70,"offscreen",0,1,163.979777347821,122.47823844222
"06/03 14:21:50","mgalharret",2,17,-0.15,1,0,575.07,13.2,34,391,651,48,"success",0,1,185.671281872759,95.2772553982816
"06/03 14:21:15","mgalharret",2,16,-0.66,2,0,674.48,11.01,26.4,356,671,36,"success",0,1,247.660032095177,130.655529222143
"06/03 14:20:48","mgalharret",2,15,-3.23,1,0,450.5,493.69,9.6,329.2,300,13,"offscreen",0,1,361.063061051047,342.155659644322
"06/03 14:20:38","mgalharret",2,14,1.45,1,0,478.53,443.31,6.7,319,141,6,"offscreen",0,1,487.492968949321,482.239975855419
"06/03 14:20:31","mgalharret",2,13,1.65,2,1,391.44,16.68,14.6,311.4,148,12,"success",0,1,214.546288335001,134.686062062217
"06/03 14:20:15","mgalharret",2,12,-3.53,0,2,640.18,32.5,8.2,296.2,324,9,"crash",0,1,491.33873553644,377.763017151976
"06/03 14:20:06","mgalharret",2,11,3.13,2,0,558.42,22.4,37.4,286.8,782,50,"success",0,1,233.818238645512,156.837334996556
"06/03 14:19:28","mgalharret",2,10,3.77,0,2,547.7,224.67,7.2,249,288,9,"offscreen",0,1,375.135069003458,283.958616910653
"06/03 14:19:20","mgalharret",2,9,-0.12,1,0,413.6,42.66,24.9,240.6,443,30,"crash",0,1,232.242243312129,173.248098960831
"06/03 14:18:54","mgalharret",2,8,-1.62,2,0,651.65,9.24,18.9,214.5,404,19,"success",0,1,225.195379261298,110.649954086945
"06/03 14:18:34","mgalharret",2,7,-2.28,1,0,459.17,44.9,28.6,195.1,501,36,"crash",0,1,208.506691244899,127.864142529384
"06/03 14:18:04","mgalharret",2,6,-0.63,1,0,318.65,16.35,67.4,164.9,1650,89,"success",0,1,129.719727897472,110.537628361661
"06/03 14:16:56","mgalharret",2,5,3.83,1,2,334.13,242.41,7.6,96.6,191,10,"offscreen",0,1,237.079809777384,199.577761424073
"06/03 14:16:48","mgalharret",2,4,0.57,2,1,527.1,105.37,13.8,88.5,409,23,"crash",0,1,361.244325820605,281.582350186386
"06/03 14:16:33","mgalharret",2,3,-1.68,2,0,783.57,121.95,8.5,74.1,384,10,"crash",0,1,517.526552635631,386.77556589451
"06/03 14:16:25","mgalharret",2,2,3.31,1,0,378.76,152.82,11.1,64.3,491,13,"offscreen",0,1,328.854622884832,282.771614137158
"06/03 14:16:12","mgalharret",2,1,-3.23,1,0,447.14,455.06,39.5,52.2,1268,52,"offscreen",0,1,243.684414995525,225.165618850096
"06/02 12:35:22","mgalharret",1,95,2.87,1,0,375.22,160.73,9.6,1306.1,297,10,"offscreen",0,1,294.08185299245,237.175827864075
"06/02 12:35:12","mgalharret",1,94,2.28,2,0,551.94,4.91,33.6,1295.8,887,43,"crash",0,1,273.234038906402,201.810511023048
"06/02 12:34:37","mgalharret",1,93,-1.41,1,2,445,27.95,32.2,1261.2,760,38,"crash",0,1,271.506000933659,229.15199147351
"06/02 12:34:04","mgalharret",1,92,-3.63,2,1,298.14,47.62,8.7,1228.3,256,12,"crash",0,1,190.939144191244,159.465455235126
"06/02 12:33:55","mgalharret",1,91,-1.04,0,1,515.6,19.05,13.3,1218.8,283,20,"crash",0,1,294.110465031534,192.800427981214
"06/02 12:33:40","mgalharret",1,90,-2.55,2,1,361.35,11.8,18.6,1204.5,257,20,"success",0,1,173.356736194266,107.517882221304
"06/02 12:33:21","mgalharret",1,89,-2.84,0,2,705.16,10.59,22.5,1185.3,807,36,"crash",0,1,332.270655123874,239.4359753447
"06/02 12:32:58","mgalharret",1,88,-0.72,0,2,579.67,61.68,35,1161.9,812,50,"crash",0,1,220.801849001463,159.104859534484
"06/02 12:32:22","mgalharret",1,87,0.69,2,1,440.29,16.37,12.9,1126.2,283,17,"crash",0,1,305.520043356341,226.315556499551
"06/02 12:32:09","mgalharret",1,86,-2.82,1,0,432.64,5.79,8.5,1112.8,214,15,"crash",0,1,232.032212299942,146.889016109087
"06/02 12:31:59","mgalharret",1,85,0.44,0,2,691.72,27.65,20.5,1103.6,438,32,"crash",0,1,382.804888838725,256.528916040459
"06/02 12:31:38","mgalharret",1,84,2.45,2,0,686.08,461.02,5.2,1082.6,218,6,"crash",0,1,654.950596827629,621.542670882216
"06/02 12:31:33","mgalharret",1,83,-0.39,0,2,588.28,81.77,13.5,1076.7,375,17,"crash",0,1,404.982833748334,298.916889045827
"06/02 12:31:18","mgalharret",1,82,-0.83,2,0,702.34,34.73,8.9,1062.4,348,14,"crash",0,1,404.949844672078,262.620932862568
"06/02 12:31:09","mgalharret",1,81,3.79,1,2,471.36,25.74,21.5,1052.8,596,33,"crash",0,1,272.72646853172,223.445882573129
"06/02 12:30:47","mgalharret",1,80,0.01,0,2,722.69,194.26,8.2,1030.7,664,10,"offscreen",0,1,485.489989699239,354.017761893954
"06/02 12:30:37","mgalharret",1,79,-0.44,2,0,635.63,18.33,8.1,1021.6,230,10,"crash",0,1,441.17786452683,330.138801649497
"06/02 12:30:29","mgalharret",1,78,3.61,2,0,721.22,366.25,4.5,1013,437,4,"crash",0,1,651.371564676573,593.85910604157
"06/02 12:30:24","mgalharret",1,77,0.58,1,2,418.79,153.76,12.8,1007.7,346,19,"offscreen",0,1,252.03416152038,176.146417190282
"06/02 12:30:10","mgalharret",1,76,2.77,0,2,596.62,3.04,7.7,994.4,303,10,"crash",0,1,352.727522388239,234.412466495924
"06/02 12:30:01","mgalharret",1,75,-0.71,2,0,719.8,326.91,8.9,985.2,296,13,"offscreen",0,1,494.887157674696,398.86760686562
"06/02 12:29:51","mgalharret",1,74,-3.85,0,2,530.52,63.27,5.4,975.6,409,10,"crash",0,1,462.174838073898,396.749104235625
"06/02 12:29:46","mgalharret",1,73,3.68,0,2,749.76,415.78,4.7,969.7,248,4,"offscreen",0,1,630.036745351748,566.344120735622
"06/02 12:29:40","mgalharret",1,72,-3.51,1,2,394.41,78.17,43.2,964.3,1229,52,"crash",0,1,248.654237747294,206.879315188478
"06/02 12:28:56","mgalharret",1,71,2.47,2,1,410.97,57.79,28.5,920.2,999,46,"crash",0,1,225.507415790333,173.958870154642
"06/02 12:28:27","mgalharret",1,70,3.75,2,0,656.16,176.7,20.3,891.2,832,26,"crash",0,1,396.365328900755,263.255236029772
"06/02 12:28:06","mgalharret",1,69,-2.67,1,2,475.33,16.62,24.5,870.1,777,28,"crash",0,1,323.379132296896,284.395011579903
"06/02 12:27:41","mgalharret",1,68,0.59,1,0,528.97,31.73,17.2,844.9,277,18,"success",0,1,241.178298957466,133.667984634421
"06/02 12:27:22","mgalharret",1,67,3.38,1,0,430.34,188.22,28,826.1,1232,38,"offscreen",0,1,251.011840006001,215.798745823672
"06/02 12:26:52","mgalharret",1,66,-0.98,2,1,340.12,42.05,21.4,796.3,374,28,"success",0,1,114.899426700111,65.5414004346024
"06/02 12:26:30","mgalharret",1,65,-3.2,1,2,355.79,80.6,24.7,774.3,640,21,"crash",0,1,337.564862706651,292.688840539161
"06/02 12:26:04","mgalharret",1,64,1.2,1,0,413.96,89.85,10.8,748.5,323,12,"crash",0,1,313.100320201652,248.105336023114
"06/02 12:25:53","mgalharret",1,63,-2.83,1,0,476.98,153.03,7.8,736.7,201,5,"offscreen",0,1,303.876525261071,227.337135733274
"06/02 12:25:44","mgalharret",1,62,3.99,1,2,474.27,246.3,7.7,728.3,292,10,"offscreen",0,1,324.758510237849,254.483139970928
"06/02 12:25:36","mgalharret",1,61,3,2,0,654.49,505.94,18.7,719.9,797,21,"offscreen",0,1,364.263362221576,279.74857723383
"06/02 12:25:16","mgalharret",1,60,-2.27,2,0,726.12,190.43,9.9,700.4,310,13,"crash",0,1,485.224611292105,378.003069193286
"06/02 12:25:06","mgalharret",1,59,0.88,1,2,394.62,99.97,11.1,689.9,475,19,"crash",0,1,210.206775585473,132.276110117302
"06/02 12:24:54","mgalharret",1,58,2.29,2,1,487.56,50.7,20.3,678,480,26,"crash",0,1,346.695027583041,277.448095193552
"06/02 12:24:33","mgalharret",1,57,-2.69,2,0,572.02,151.87,6.5,656.9,312,9,"offscreen",0,1,378.391490771266,269.301141386568
"06/02 12:24:25","mgalharret",1,56,1.74,1,0,466.43,180.45,12,649.3,433,12,"offscreen",0,1,302.425810206223,219.729513866616
"06/02 12:24:11","mgalharret",1,55,-0.82,2,1,457.25,495.21,12,635.5,379,11,"offscreen",0,1,316.177482583719,275.299023189323
"06/02 12:23:58","mgalharret",1,54,-1.62,1,2,487.03,116.98,7.9,621.9,342,7,"crash",0,1,377.70772065895,295.295491774564
"06/02 12:23:48","mgalharret",1,53,0.31,2,0,553.55,124.29,26.3,612.6,469,25,"crash",0,1,248.411153937887,160.600843529574
"06/02 12:23:21","mgalharret",1,52,-0.91,1,2,430.87,172.45,15.9,585.4,633,16,"offscreen",0,1,236.379924337373,185.382511624349
"06/02 12:23:04","mgalharret",1,51,-1.47,2,1,539.41,107.71,10.6,568.5,170,10,"crash",0,1,346.603293280263,268.751706984637
"06/02 12:22:53","mgalharret",1,50,1.66,1,2,342.49,196.52,8.5,557.1,232,8,"offscreen",0,1,231.135422207541,194.308906114152
"06/02 12:22:44","mgalharret",1,49,-3.61,1,0,551.81,115.43,8.4,548,284,8,"crash",0,1,391.613801055903,311.585823707313
"06/02 12:22:35","mgalharret",1,48,1.79,1,0,506.29,250.33,10.4,538.9,346,11,"crash",0,1,377.320034999596,314.954240878374
"06/02 12:22:23","mgalharret",1,47,-3.66,2,1,380.77,300.68,6.6,526.6,138,7,"offscreen",0,1,280.521555856624,248.47823777626
"06/02 12:22:15","mgalharret",1,46,2.56,2,0,640.74,43.19,35.8,519.1,1227,45,"crash",0,1,343.794522119247,261.549092333228
"06/02 12:21:38","mgalharret",1,45,-3.48,0,1,415.32,14.85,9.5,482.6,351,13,"crash",0,1,333.261964722023,266.791869240805
"06/02 12:21:28","mgalharret",1,44,2.23,2,0,684.87,724.17,2.6,472.2,51,1,"offscreen",0,1,704.502006510905,711.296901904407
"06/02 12:21:24","mgalharret",1,43,2.69,2,0,678.58,542.03,13.3,468.6,654,17,"offscreen",0,1,473.926453159608,405.346470280471
"06/02 12:21:10","mgalharret",1,42,1.93,1,0,588.42,113.33,7.2,454.3,518,7,"crash",0,1,458.212525554638,374.955203238252
"06/02 12:21:01","mgalharret",1,41,-3.44,1,0,540.92,284.78,6.5,445,201,5,"offscreen",0,1,402.966117703131,339.522194426015
"06/02 12:20:54","mgalharret",1,40,3.41,1,0,394.65,140.79,13.1,437.7,1011,13,"crash",0,1,347.449679391796,312.080997524813
"06/02 12:20:40","mgalharret",1,39,-0.05,1,0,412.49,156.02,10.2,424.1,361,12,"offscreen",0,1,301.76123190944,234.357622512181
"06/02 12:20:29","mgalharret",1,38,1.88,1,2,480.28,140.27,10.2,413.3,241,10,"crash",0,1,315.185379480777,237.208063079495
"06/02 12:20:18","mgalharret",1,37,1.56,2,1,537.51,66.61,6.5,402.4,444,5,"crash",0,1,431.221577972952,355.998335201502
"06/02 12:20:11","mgalharret",1,36,-2.43,2,1,503.41,569.95,5.5,395.2,193,7,"offscreen",0,1,481.699873905394,476.973876853021
"06/02 12:20:04","mgalharret",1,35,1.58,0,2,530.06,54.33,9.8,388.5,304,7,"crash",0,1,311.585459473414,221.739430280146
"06/02 12:19:54","mgalharret",1,34,2.36,1,0,466.05,79.04,8.3,377.7,409,13,"crash",0,1,288.074373163517,197.872410962373
"06/02 12:19:44","mgalharret",1,33,-0.06,1,0,485.58,150.83,5.9,368.6,284,9,"crash",0,1,429.410593491675,385.649335220374
"06/02 12:19:37","mgalharret",1,32,-1.44,1,0,462.78,41.05,13.1,361.2,352,19,"crash",0,1,264.388319740975,195.289959697291
"06/02 12:19:23","mgalharret",1,31,1.65,1,0,460.23,77.75,6.5,347,252,10,"crash",0,1,319.862802649373,242.078807400848
"06/02 12:19:16","mgalharret",1,30,3.17,1,2,503.06,340.53,7.3,340,276,9,"offscreen",0,1,372.878355648954,323.953861877434
"06/02 12:19:08","mgalharret",1,29,0.32,2,1,540.8,393.54,10.7,332,633,15,"crash",0,1,396.836622928094,352.014882139165
"06/02 12:18:56","mgalharret",1,28,2.53,0,2,664.79,192.88,7.6,320.3,259,10,"offscreen",0,1,413.556236764975,301.141006713365
"06/02 12:18:47","mgalharret",1,27,3.47,1,0,381.72,35.49,8.5,311.6,233,9,"crash",0,1,283.221684718239,217.391025117434
"06/02 12:18:37","mgalharret",1,26,3.1,1,2,315.32,70.22,6.5,300.9,95,3,"crash",0,1,213.999807632429,156.098938341992
"06/02 12:18:29","mgalharret",1,25,-1.65,1,2,290.71,3.71,7.1,292.7,228,11,"crash",0,1,240.381635462301,195.382901721275
"06/02 12:18:21","mgalharret",1,24,1.92,2,1,485.23,518.23,2.6,284.7,106,3,"offscreen",0,1,500.562562704133,506.095696182711
"06/02 12:18:17","mgalharret",1,23,0.51,0,2,718.85,259.65,9.6,281.2,426,17,"offscreen",0,1,514.776528233323,403.00198658469
"06/02 12:18:06","mgalharret",1,22,-2.82,1,2,489.03,16.31,11.8,269.9,333,16,"crash",0,1,353.367239209629,276.158295855653
"06/02 12:17:53","mgalharret",1,21,-0.33,0,2,757.18,24.23,9.9,256.9,538,10,"crash",0,1,521.487948902931,400.21521191824
"06/02 12:17:42","mgalharret",1,20,-1.09,1,2,514.02,214.42,10.3,246.1,511,14,"offscreen",0,1,410.217025560525,344.068027911787
"06/02 12:17:31","mgalharret",1,19,1.93,0,2,584.18,239.41,8.9,235,439,13,"offscreen",0,1,423.442553807203,334.768423319674
"06/02 12:17:21","mgalharret",1,18,-0.39,0,2,740.69,192.73,26.4,224.5,988,42,"crash",0,1,369.662501675952,266.232170419646
"06/02 12:16:53","mgalharret",1,17,-3.91,1,2,395.68,444.4,15.6,197.3,813,21,"crash",0,1,362.02234817861,350.864545203863
"06/02 12:16:37","mgalharret",1,16,0.85,0,2,732.67,230.69,10.9,180.9,558,17,"offscreen",0,1,491.305960849357,365.668889954974
"06/02 12:16:25","mgalharret",1,15,2.45,2,1,448.65,181.7,9.8,168.8,593,18,"crash",0,1,370.091539768371,310.075979194355
"06/02 12:16:14","mgalharret",1,14,2.97,1,2,519.31,379.73,5.3,158.1,215,6,"offscreen",0,1,457.293688887367,423.519781760145
"06/02 12:16:08","mgalharret",1,13,-2.9,2,0,766.8,262.49,7.5,152,415,8,"offscreen",0,1,551.594028510003,433.997907977567
"06/02 12:15:59","mgalharret",1,12,1.77,0,2,570.14,208.7,8.7,143.6,295,14,"offscreen",0,1,434.487920931546,353.026858345345
"06/02 12:15:48","mgalharret",1,11,0.43,2,0,674.6,11.85,25.7,132.5,796,23,"crash",0,1,351.615908038713,251.891363708521
"06/02 12:15:22","mgalharret",1,10,-2.26,0,1,407.46,72.23,23.7,105.9,713,28,"crash",0,1,237.345658281516,173.66517615015
"06/02 12:14:57","mgalharret",1,9,-3,2,0,733.79,397.77,8.8,81.4,184,8,"offscreen",0,1,538.809491166213,458.461646627356
"06/02 12:14:47","mgalharret",1,8,2.07,2,0,666.58,414.19,4.8,71.5,269,2,"crash",0,1,648.178494444934,620.107936934316
"06/02 12:14:42","mgalharret",1,7,2.11,2,0,628.16,734.7,4.1,65.7,95,4,"offscreen",0,1,667.263184616453,684.149478827148
"06/02 12:14:36","mgalharret",1,6,3.14,2,0,587.21,702.73,3.2,59.8,147,3,"offscreen",0,1,626.060360146883,644.474907379461
"06/02 12:14:31","mgalharret",1,5,1.14,2,0,739.24,183.66,10.1,54.7,533,14,"offscreen",0,1,495.815472749439,368.278982554084
"06/02 12:14:18","mgalharret",1,4,-3.34,0,1,316.53,429.8,5.7,42.2,393,9,"offscreen",0,1,336.474161402022,343.168002035223
"06/02 12:14:12","mgalharret",1,3,1.55,2,0,536.05,566.33,1.5,34.9,41,2,"offscreen",0,1,537.36215792488,540.574040190106
"06/02 12:14:04","mgalharret",1,2,0.83,2,0,586.52,329.51,6.5,28.1,548,2,"crash",0,1,524.654831339527,480.027249055943
"06/02 12:13:54","mgalharret",1,1,-0.6,1,2,423.8,196.22,4.8,17.4,262,3,"crash",0,1,361.642122374828,324.651006736745
"06/02 11:52:00","achqt",1,68,2.39,2,0,658.73,516.32,7.2,724.6,226,6,"crash",0,1,611.832299765484,585.848627231031
"06/02 11:51:52","achqt",1,66,3.73,1,0,400.81,188.75,16.4,716.4,588,14,"crash",0,1,399.71086329534,357.631922080447
"06/02 11:51:35","achqt",1,65,-3.15,1,2,379.8,182.12,16.9,699.1,819,16,"crash",0,1,346.695989358782,300.521916170908
"06/02 11:51:16","achqt",1,64,0.04,1,0,420.42,175.05,18.4,679.9,637,19,"offscreen",0,1,275.065881702128,208.720362618426
"06/02 11:50:56","achqt",1,63,2.87,2,1,367.19,431.33,8.2,660.4,235,5,"offscreen",0,1,386.713441635681,388.650617466027
"06/02 11:50:47","achqt",1,62,-1.63,0,2,722.04,395.44,10,650.2,365,8,"offscreen",0,1,479.680864310421,373.933536573252
"06/02 11:50:35","achqt",1,61,-1.42,1,0,487.68,136,7.8,639.3,235,12,"crash",0,1,323.266412914453,245.246908591439
"06/02 11:50:27","achqt",1,60,0.73,1,0,514.21,351.58,7.9,630.8,93,4,"crash",0,1,461.883714832383,432.351031004922
"06/02 11:50:18","achqt",1,59,-0.64,2,0,647.3,244.09,8,621.9,134,9,"crash",0,1,552.452144466092,487.445847371459
"06/02 11:50:10","achqt",1,58,-3.47,2,0,608.35,260.78,9.4,613.8,347,9,"offscreen",0,1,389.644726210055,308.625139758201
"06/02 11:50:00","achqt",1,57,3.91,2,0,632.11,715.41,2,603.7,55,2,"offscreen",0,1,652.830035915366,665.11698239557
"06/02 11:49:54","achqt",1,56,3.66,1,0,546.95,57.04,9.1,598.4,429,6,"crash",0,1,457.344413291577,386.479758787821
"06/02 11:49:44","achqt",1,55,3.75,0,2,624.83,33.51,8,587.8,182,8,"crash",0,1,418.546668361703,305.920166397678
"06/02 11:49:35","achqt",1,54,-3.82,1,0,518.14,568.51,6,579,227,11,"offscreen",0,1,506.902574176076,505.054488493581
"06/02 11:49:24","achqt",1,53,1.95,2,1,375.96,8.82,13.2,567.7,628,13,"crash",0,1,264.774005718166,208.068691767838
"06/02 11:49:09","achqt",1,52,-3.64,1,2,301.36,341.98,5.5,553.7,124,4,"offscreen",0,1,324.162079994139,335.861343300857
"06/02 11:49:03","achqt",1,51,-1.68,2,1,385.24,428.21,12.4,547,241,11,"offscreen",0,1,257.443579323363,243.833949688853
"06/02 11:48:49","achqt",1,50,-1.33,2,0,633.95,140.82,8.2,533.5,331,7,"crash",0,1,445.050115603015,345.305276189675
"06/02 11:48:37","achqt",1,49,2.57,0,2,642.54,161.67,8.5,521.6,152,8,"offscreen",0,1,413.074538383633,307.148819973359
"06/02 11:48:28","achqt",1,48,0.35,1,2,346.92,64.01,9.6,512.1,273,20,"crash",0,1,207.190404927229,150.311914022259
"06/02 11:48:18","achqt",1,47,3.8,1,0,316.11,398.13,3,502,74,4,"offscreen",0,1,332.365153450381,343.663483763
"06/02 11:48:14","achqt",1,46,-3.77,0,2,634.99,428.23,20.4,498,1112,30,"crash",0,1,490.593557555421,434.75758713028
"06/02 11:47:53","achqt",1,45,3.73,2,0,627.9,735.79,3.4,476.8,83,6,"offscreen",0,1,667.723892587352,685.395083338233
"06/02 11:47:48","achqt",1,44,3.56,0,2,632.73,496.76,10.1,472.2,363,18,"offscreen",0,1,452.164217369047,385.415254424729
"06/02 11:47:36","achqt",1,43,-1.37,1,2,481.69,85.85,12,460.5,430,19,"crash",0,1,367.206740001462,297.608070144393
"06/02 11:47:23","achqt",1,42,-2.38,0,2,601.28,585.62,10.3,447.4,520,16,"crash",0,1,601.301165810874,600.327485098971
"06/02 11:47:12","achqt",1,41,0.71,2,0,801.19,874.24,2.1,436.2,74,1,"offscreen",0,1,818.613167085063,827.656896188212
"06/02 11:47:09","achqt",1,40,-2.81,2,1,434.1,58.9,6.1,433.4,147,9,"crash",0,1,332.551062795708,269.898377138945
"06/02 11:47:02","achqt",1,39,-0.73,1,2,484.51,509.07,9.5,426.3,411,14,"crash",0,1,460.400812125035,459.099048024261
"06/02 11:46:49","achqt",1,38,1.52,1,2,424.12,10.61,8.3,413.6,179,8,"crash",0,1,305.928756896141,237.081945677385
"06/02 11:46:40","achqt",1,37,-3.95,1,0,358.95,178.15,5.7,403.9,187,6,"offscreen",0,1,261.233183172122,216.591910184084
"06/02 11:46:33","achqt",1,36,0.36,0,1,286.8,422.41,11.8,397.4,417,18,"offscreen",0,1,210.634203644657,185.600762163975
"06/02 11:46:20","achqt",1,34,1.34,1,0,357.61,168.4,24.2,384.2,1199,24,"crash",0,1,381.909996154514,380.261413523436
"06/02 11:45:52","achqt",1,33,0.78,0,2,695.53,28.58,9.1,356.4,241,9,"crash",0,1,493.028403541737,377.904851003351
"06/02 11:45:37","achqt",1,32,-1.14,0,2,575.55,155.83,15.6,341.3,822,14,"crash",0,1,438.270811272621,372.112574458234
"06/02 11:45:20","achqt",1,31,-0.49,2,0,735.36,343.83,9.3,323.9,128,5,"offscreen",0,1,595.561644847094,514.472891537715
"06/02 11:45:09","achqt",1,30,-0.9,1,0,443.09,167.35,10.2,312.8,358,12,"offscreen",0,1,299.310676690268,226.684009965027
"06/02 11:44:50","achqt",1,29,2.29,0,2,612.16,182.95,7.8,294.7,299,10,"offscreen",0,1,424.753423786942,326.084728852384
"06/02 11:44:38","achqt",1,28,-1.79,1,2,416.3,137.09,16.4,281.8,590,29,"crash",0,1,332.318902460674,276.769885141317
"06/02 11:44:20","achqt",1,27,0.64,0,2,511.28,686.56,13.6,264.2,421,16,"offscreen",0,1,489.105372909189,501.886688808753
"06/02 11:44:02","achqt",1,26,0.54,1,0,520.47,6.65,11.1,246,137,11,"crash",0,1,370.82926140286,291.64837088509
"06/02 11:43:50","achqt",1,25,3.31,2,0,554.06,673.33,5.7,234.1,119,4,"offscreen",0,1,583.387455510145,601.460573539366
"06/02 11:43:43","achqt",1,24,-3.64,0,2,639.64,708.57,3.3,227.7,83,3,"offscreen",0,1,651.32516858139,660.062949643556
"06/02 11:43:38","achqt",1,23,2.55,0,2,796.67,524.98,11.6,222.6,213,9,"offscreen",0,1,532.690470253913,443.211086525456
"06/02 11:43:26","achqt",1,22,0.03,2,0,617.8,128.88,8.9,210.1,334,14,"crash",0,1,442.29809623993,356.022904006416
"06/02 11:43:16","achqt",1,21,-3.09,1,0,475.22,205.03,7.1,200.5,96,7,"offscreen",0,1,372.38331294501,313.482684393139
"06/02 11:43:05","achqt",1,20,-1.62,1,0,389.1,65.12,5.9,189.5,18,4,"crash",0,1,288.99816337456,233.337697434686
"06/02 11:42:58","achqt",1,19,0.3,2,0,554.55,290.87,6.3,182.7,311,7,"crash",0,1,523.095827150639,493.182996208164
"06/02 11:42:50","achqt",1,18,-2.82,2,0,668.96,226.24,8,174.6,244,4,"offscreen",0,1,476.262596283045,389.414813346105
"06/02 11:42:42","achqt",1,17,0.73,1,2,294.52,240.04,11,166.6,338,18,"offscreen",0,1,206.262376785538,172.523787511937
"06/02 11:42:27","achqt",1,16,0.02,2,0,671.35,243.95,13.6,150.9,543,19,"offscreen",0,1,409.924706306448,293.513513980194
"06/02 11:42:12","achqt",1,15,1.01,2,1,413.72,212.2,6.8,136.5,498,13,"crash",0,1,333.168358060192,292.647961283726
"06/02 11:42:05","achqt",1,14,1.93,2,1,530.36,80.47,11.9,128.8,292,10,"crash",0,1,427.781038563576,358.522840429715
"06/02 11:41:52","achqt",1,13,-1.91,1,2,493.28,55.34,8.7,116.1,436,9,"crash",0,1,410.069003217609,342.068334059281
"06/02 11:41:43","achqt",1,12,1.67,0,1,482.73,440.29,9.7,106.7,298,8,"offscreen",0,1,376.061224999918,332.189264316274
"06/02 11:41:31","achqt",1,11,-2.26,0,2,583.08,104.46,9.4,95.7,492,9,"crash",0,1,488.616827800947,406.472602726936
"06/02 11:41:21","achqt",1,10,-1.59,1,2,451.27,483.44,3.1,85.5,53,3,"offscreen",0,1,454.699187851274,458.848101229958
"06/02 11:41:17","achqt",1,9,-2.39,1,0,457.3,205.76,8.4,81.4,396,11,"crash",0,1,309.978510494403,242.908165656448
"06/02 11:41:08","achqt",1,8,3.53,2,0,723.82,416.76,3.7,72.2,262,1,"crash",0,1,672.394955241164,633.553350917879
"06/02 11:41:03","achqt",1,7,3.51,1,2,272.16,286.14,7.3,67.3,277,11,"offscreen",0,1,179.926802466202,157.647146162822
"06/02 11:40:54","achqt",1,6,1.03,1,0,198.18,21.97,5.7,58.3,167,5,"crash",0,1,160.89447303305,130.061473934482
"06/02 11:40:45","achqt",1,5,1.78,1,0,405.9,11.74,5.9,49.5,370,10,"crash",0,1,312.19930431862,241.584531400653
"06/02 11:40:38","achqt",1,4,-1.84,2,1,504.38,158.56,6,42.6,311,4,"crash",0,1,393.026441711398,331.273444204174
"06/02 11:40:30","achqt",1,3,2.36,1,0,527.57,535.03,2.5,34.2,72,5,"offscreen",0,1,526.73453216196,527.578686055631
"06/02 11:40:24","achqt",1,2,3.76,0,1,442.21,327.22,7.4,28.6,389,10,"crash",0,1,324.191452695104,268.631285022893
"06/02 11:40:14","achqt",1,1,2.59,1,0,570.25,539.39,4.2,18.4,254,4,"crash",0,1,572.599387515525,563.82165034162
